Sample Name,Sample ID,Barcode ID,MS Method,Processing Method,LC Method,Rack Type,Rack Position,Plate Type,Plate Position,Vial Position,Sample Type,Dilution Factor,Data File,Results File,Comment,Injection Volume,Marker Well
Blank_1_CID_15min,,,15min_BEH_TOFMSMS_75msec_5msec_t50_ZenoON_JC,,15min_BEH_100mm_Lx_LC_Binary_AO_2,Multisampler 2H 2H 1H 1H 1H 1H 5Ref,D3F,*96CorningV*,1,A4,Unknown,1,Blank_1_CID_15min,,,2,
Blank_2_CID_15min,,,15min_BEH_TOFMSMS_75msec_5msec_t50_ZenoON_JC,,15min_BEH_100mm_Lx_LC_Binary_AO_2,Multisampler 2H 2H 1H 1H 1H 1H 5Ref,D3F,*96CorningV*,1,A4,Unknown,1,Blank_2_CID_15min,,,2,
Blank_3_CID_15min,,,15min_BEH_TOFMSMS_75msec_5msec_t50_ZenoON_JC,,15min_BEH_100mm_Lx_LC_Binary_AO_2,Multisampler 2H 2H 1H 1H 1H 1H 5Ref,D3F,*96CorningV*,1,A4,Unknown,1,Blank_3_CID_15min,,,2,
Blank_4_CID_15min,,,15min_BEH_TOFMSMS_75msec_5msec_t50_ZenoON_JC,,15min_BEH_100mm_Lx_LC_Binary_AO_2,Multisampler 2H 2H 1H 1H 1H 1H 5Ref,D3F,*96CorningV*,1,A4,Unknown,1,Blank_4_CID_15min,,,2,
Air_QC_1_CID_15min,,,15min_BEH_TOFMSMS_75msec_5msec_t50_ZenoON_JC,,15min_BEH_100mm_Lx_LC_Binary_AO_2,Multisampler 2H 2H 1H 1H 1H 1H 5Ref,D3F,*96CorningV*,1,D4,Unknown,1,Air_QC_1_CID_15min,,,2,
Air_1A_CID_15min,,,15min_BEH_TOFMSMS_75msec_5msec_t50_ZenoON_JC,,15min_BEH_100mm_Lx_LC_Binary_AO_2,Multisampler 2H 2H 1H 1H 1H 1H 5Ref,D3F,*96CorningV*,1,A1,Unknown,1,Air_1A_CID_15min,,,2,
Air_1B_CID_15min,,,15min_BEH_TOFMSMS_75msec_5msec_t50_ZenoON_JC,,15min_BEH_100mm_Lx_LC_Binary_AO_2,Multisampler 2H 2H 1H 1H 1H 1H 5Ref,D3F,*96CorningV*,1,A2,Unknown,1,Air_1B_CID_15min,,,2,
Air_1C_CID_15min,,,15min_BEH_TOFMSMS_75msec_5msec_t50_ZenoON_JC,,15min_BEH_100mm_Lx_LC_Binary_AO_2,Multisampler 2H 2H 1H 1H 1H 1H 5Ref,D3F,*96CorningV*,1,A3,Unknown,1,Air_1C_CID_15min,,,2,
Blank_5_CID_15min,,,15min_BEH_TOFMSMS_75msec_5msec_t50_ZenoON_JC,,15min_BEH_100mm_Lx_LC_Binary_AO_2,Multisampler 2H 2H 1H 1H 1H 1H 5Ref,D3F,*96CorningV*,1,A4,Unknown,1,Blank_5_CID_15min,,,2,
Air_2A_CID_15min,,,15min_BEH_TOFMSMS_75msec_5msec_t50_ZenoON_JC,,15min_BEH_100mm_Lx_LC_Binary_AO_2,Multisampler 2H 2H 1H 1H 1H 1H 5Ref,D3F,*96CorningV*,1,B1,Unknown,1,Air_2A_CID_15min,,,2,
Air_2B_CID_15min,,,15min_BEH_TOFMSMS_75msec_5msec_t50_ZenoON_JC,,15min_BEH_100mm_Lx_LC_Binary_AO_2,Multisampler 2H 2H 1H 1H 1H 1H 5Ref,D3F,*96CorningV*,1,B2,Unknown,1,Air_2B_CID_15min,,,2,
Air_2C_CID_15min,,,15min_BEH_TOFMSMS_75msec_5msec_t50_ZenoON_JC,,15min_BEH_100mm_Lx_LC_Binary_AO_2,Multisampler 2H 2H 1H 1H 1H 1H 5Ref,D3F,*96CorningV*,1,B3,Unknown,1,Air_2C_CID_15min,,,2,
Blank_6_CID_15min,,,15min_BEH_TOFMSMS_75msec_5msec_t50_ZenoON_JC,,15min_BEH_100mm_Lx_LC_Binary_AO_2,Multisampler 2H 2H 1H 1H 1H 1H 5Ref,D3F,*96CorningV*,1,A4,Unknown,1,Blank_6_CID_15min,,,2,
Air_3A_CID_15min,,,15min_BEH_TOFMSMS_75msec_5msec_t50_ZenoON_JC,,15min_BEH_100mm_Lx_LC_Binary_AO_2,Multisampler 2H 2H 1H 1H 1H 1H 5Ref,D3F,*96CorningV*,1,C1,Unknown,1,Air_3A_CID_15min,,,2,
Air_3B_CID_15min,,,15min_BEH_TOFMSMS_75msec_5msec_t50_ZenoON_JC,,15min_BEH_100mm_Lx_LC_Binary_AO_2,Multisampler 2H 2H 1H 1H 1H 1H 5Ref,D3F,*96CorningV*,1,C2,Unknown,1,Air_3B_CID_15min,,,2,
Air_3C_CID_15min,,,15min_BEH_TOFMSMS_75msec_5msec_t50_ZenoON_JC,,15min_BEH_100mm_Lx_LC_Binary_AO_2,Multisampler 2H 2H 1H 1H 1H 1H 5Ref,D3F,*96CorningV*,1,C3,Unknown,1,Air_3C_CID_15min,,,2,
Blank_7_CID_15min,,,15min_BEH_TOFMSMS_75msec_5msec_t50_ZenoON_JC,,15min_BEH_100mm_Lx_LC_Binary_AO_2,Multisampler 2H 2H 1H 1H 1H 1H 5Ref,D3F,*96CorningV*,1,B4,Unknown,1,Blank_7_CID_15min,,,2,
Air_QC_2_CID_15min,,,15min_BEH_TOFMSMS_75msec_5msec_t50_ZenoON_JC,,15min_BEH_100mm_Lx_LC_Binary_AO_2,Multisampler 2H 2H 1H 1H 1H 1H 5Ref,D3F,*96CorningV*,1,D4,Unknown,1,Air_QC_2_CID_15min,,,2,
Air_4A_CID_15min,,,15min_BEH_TOFMSMS_75msec_5msec_t50_ZenoON_JC,,15min_BEH_100mm_Lx_LC_Binary_AO_2,Multisampler 2H 2H 1H 1H 1H 1H 5Ref,D3F,*96CorningV*,1,D1,Unknown,1,Air_4A_CID_15min,,,2,
Air_4B_CID_15min,,,15min_BEH_TOFMSMS_75msec_5msec_t50_ZenoON_JC,,15min_BEH_100mm_Lx_LC_Binary_AO_2,Multisampler 2H 2H 1H 1H 1H 1H 5Ref,D3F,*96CorningV*,1,D2,Unknown,1,Air_4B_CID_15min,,,2,
Air_4C_CID_15min,,,15min_BEH_TOFMSMS_75msec_5msec_t50_ZenoON_JC,,15min_BEH_100mm_Lx_LC_Binary_AO_2,Multisampler 2H 2H 1H 1H 1H 1H 5Ref,D3F,*96CorningV*,1,D3,Unknown,1,Air_4C_CID_15min,,,2,
Blank_8_CID_15min,,,15min_BEH_TOFMSMS_75msec_5msec_t50_ZenoON_JC,,15min_BEH_100mm_Lx_LC_Binary_AO_2,Multisampler 2H 2H 1H 1H 1H 1H 5Ref,D3F,*96CorningV*,1,B4,Unknown,1,Blank_8_CID_15min,,,2,
Air_5A_CID_15min,,,15min_BEH_TOFMSMS_75msec_5msec_t50_ZenoON_JC,,15min_BEH_100mm_Lx_LC_Binary_AO_2,Multisampler 2H 2H 1H 1H 1H 1H 5Ref,D3F,*96CorningV*,1,E1,Unknown,1,Air_5A_CID_15min,,,2,
Air_5B_CID_15min,,,15min_BEH_TOFMSMS_75msec_5msec_t50_ZenoON_JC,,15min_BEH_100mm_Lx_LC_Binary_AO_2,Multisampler 2H 2H 1H 1H 1H 1H 5Ref,D3F,*96CorningV*,1,E2,Unknown,1,Air_5B_CID_15min,,,2,
Air_5C_CID_15min,,,15min_BEH_TOFMSMS_75msec_5msec_t50_ZenoON_JC,,15min_BEH_100mm_Lx_LC_Binary_AO_2,Multisampler 2H 2H 1H 1H 1H 1H 5Ref,D3F,*96CorningV*,1,E3,Unknown,1,Air_5C_CID_15min,,,2,
Blank_9_CID_15min,,,15min_BEH_TOFMSMS_75msec_5msec_t50_ZenoON_JC,,15min_BEH_100mm_Lx_LC_Binary_AO_2,Multisampler 2H 2H 1H 1H 1H 1H 5Ref,D3F,*96CorningV*,1,B4,Unknown,1,Blank_9_CID_15min,,,2,
Air_6A_CID_15min,,,15min_BEH_TOFMSMS_75msec_5msec_t50_ZenoON_JC,,15min_BEH_100mm_Lx_LC_Binary_AO_2,Multisampler 2H 2H 1H 1H 1H 1H 5Ref,D3F,*96CorningV*,1,F1,Unknown,1,Air_6A_CID_15min,,,2,
Air_6B_CID_15min,,,15min_BEH_TOFMSMS_75msec_5msec_t50_ZenoON_JC,,15min_BEH_100mm_Lx_LC_Binary_AO_2,Multisampler 2H 2H 1H 1H 1H 1H 5Ref,D3F,*96CorningV*,1,F2,Unknown,1,Air_6B_CID_15min,,,2,
Air_6C_CID_15min,,,15min_BEH_TOFMSMS_75msec_5msec_t50_ZenoON_JC,,15min_BEH_100mm_Lx_LC_Binary_AO_2,Multisampler 2H 2H 1H 1H 1H 1H 5Ref,D3F,*96CorningV*,1,F3,Unknown,1,Air_6C_CID_15min,,,2,
Blank_10_CID_15min,,,15min_BEH_TOFMSMS_75msec_5msec_t50_ZenoON_JC,,15min_BEH_100mm_Lx_LC_Binary_AO_2,Multisampler 2H 2H 1H 1H 1H 1H 5Ref,D3F,*96CorningV*,1,C4,Unknown,1,Blank_10_CID_15min,,,2,
Air_QC_3_CID_15min,,,15min_BEH_TOFMSMS_75msec_5msec_t50_ZenoON_JC,,15min_BEH_100mm_Lx_LC_Binary_AO_2,Multisampler 2H 2H 1H 1H 1H 1H 5Ref,D3F,*96CorningV*,1,E4,Unknown,1,Air_QC_3_CID_15min,,,2,
Air_cntrlA_CID_15min,,,15min_BEH_TOFMSMS_75msec_5msec_t50_ZenoON_JC,,15min_BEH_100mm_Lx_LC_Binary_AO_2,Multisampler 2H 2H 1H 1H 1H 1H 5Ref,D3F,*96CorningV*,1,G1,Unknown,1,Air_cntrlA_CID_15min,,,2,
Air_cntrlB_CID_15min,,,15min_BEH_TOFMSMS_75msec_5msec_t50_ZenoON_JC,,15min_BEH_100mm_Lx_LC_Binary_AO_2,Multisampler 2H 2H 1H 1H 1H 1H 5Ref,D3F,*96CorningV*,1,G2,Unknown,1,Air_cntrlB_CID_15min,,,2,
Air_cntrlC_CID_15min,,,15min_BEH_TOFMSMS_75msec_5msec_t50_ZenoON_JC,,15min_BEH_100mm_Lx_LC_Binary_AO_2,Multisampler 2H 2H 1H 1H 1H 1H 5Ref,D3F,*96CorningV*,1,G3,Unknown,1,Air_cntrlC_CID_15min,,,2,
Blank_11_CID_15min,,,15min_BEH_TOFMSMS_75msec_5msec_t50_ZenoON_JC,,15min_BEH_100mm_Lx_LC_Binary_AO_2,Multisampler 2H 2H 1H 1H 1H 1H 5Ref,D3F,*96CorningV*,1,A8,Unknown,1,Blank_11_CID_15min,,,2,
Blank_12_CID_15min,,,15min_BEH_TOFMSMS_75msec_5msec_t50_ZenoON_JC,,15min_BEH_100mm_Lx_LC_Binary_AO_2,Multisampler 2H 2H 1H 1H 1H 1H 5Ref,D3F,*96CorningV*,1,A8,Unknown,1,Blank_12_CID_15min,,,2,
FR1_QC_1_CID_15min,,,15min_BEH_TOFMSMS_75msec_5msec_t50_ZenoON_JC,,15min_BEH_100mm_Lx_LC_Binary_AO_2,Multisampler 2H 2H 1H 1H 1H 1H 5Ref,D3F,*96CorningV*,1,D9,Unknown,1,FR1_QC_1_CID_15min,,,2,
FR1_1A_A_CID_15min,,,15min_BEH_TOFMSMS_75msec_5msec_t50_ZenoON_JC,,15min_BEH_100mm_Lx_LC_Binary_AO_2,Multisampler 2H 2H 1H 1H 1H 1H 5Ref,D3F,*96CorningV*,1,A5,Unknown,1,FR1_1A_A_CID_15min,,,2,
FR1_1A_B_CID_15min,,,15min_BEH_TOFMSMS_75msec_5msec_t50_ZenoON_JC,,15min_BEH_100mm_Lx_LC_Binary_AO_2,Multisampler 2H 2H 1H 1H 1H 1H 5Ref,D3F,*96CorningV*,1,A6,Unknown,1,FR1_1A_B_CID_15min,,,2,
FR1_1A_C_CID_15min,,,15min_BEH_TOFMSMS_75msec_5msec_t50_ZenoON_JC,,15min_BEH_100mm_Lx_LC_Binary_AO_2,Multisampler 2H 2H 1H 1H 1H 1H 5Ref,D3F,*96CorningV*,1,A7,Unknown,1,FR1_1A_C_CID_15min,,,2,
Blank_13_CID_15min,,,15min_BEH_TOFMSMS_75msec_5msec_t50_ZenoON_JC,,15min_BEH_100mm_Lx_LC_Binary_AO_2,Multisampler 2H 2H 1H 1H 1H 1H 5Ref,D3F,*96CorningV*,1,A8,Unknown,1,Blank_13_CID_15min,,,2,
FR1_1A_A_Cntrl_CID_15min,,,15min_BEH_TOFMSMS_75msec_5msec_t50_ZenoON_JC,,15min_BEH_100mm_Lx_LC_Binary_AO_2,Multisampler 2H 2H 1H 1H 1H 1H 5Ref,D3F,*96CorningV*,1,A9,Unknown,1,FR1_1A_A_Cntrl_CID_15min,,,2,
FR1_1A_B_Cntrl_CID_15min,,,15min_BEH_TOFMSMS_75msec_5msec_t50_ZenoON_JC,,15min_BEH_100mm_Lx_LC_Binary_AO_2,Multisampler 2H 2H 1H 1H 1H 1H 5Ref,D3F,*96CorningV*,1,A10,Unknown,1,FR1_1A_B_Cntrl_CID_15min,,,2,
FR1_1A_C_Cntrl_CID_15min,,,15min_BEH_TOFMSMS_75msec_5msec_t50_ZenoON_JC,,15min_BEH_100mm_Lx_LC_Binary_AO_2,Multisampler 2H 2H 1H 1H 1H 1H 5Ref,D3F,*96CorningV*,1,A11,Unknown,1,FR1_1A_C_Cntrl_CID_15min,,,2,
Blank_14_CID_15min,,,15min_BEH_TOFMSMS_75msec_5msec_t50_ZenoON_JC,,15min_BEH_100mm_Lx_LC_Binary_AO_2,Multisampler 2H 2H 1H 1H 1H 1H 5Ref,D3F,*96CorningV*,1,A8,Unknown,1,Blank_14_CID_15min,,,2,
FR1_QC_2_CID_15min,,,15min_BEH_TOFMSMS_75msec_5msec_t50_ZenoON_JC,,15min_BEH_100mm_Lx_LC_Binary_AO_2,Multisampler 2H 2H 1H 1H 1H 1H 5Ref,D3F,*96CorningV*,1,D9,Unknown,1,FR1_QC_2_CID_15min,,,2,
FR1_1B_A_CID_15min,,,15min_BEH_TOFMSMS_75msec_5msec_t50_ZenoON_JC,,15min_BEH_100mm_Lx_LC_Binary_AO_2,Multisampler 2H 2H 1H 1H 1H 1H 5Ref,D3F,*96CorningV*,1,B5,Unknown,1,FR1_1B_A_CID_15min,,,2,
FR1_1B_B_CID_15min,,,15min_BEH_TOFMSMS_75msec_5msec_t50_ZenoON_JC,,15min_BEH_100mm_Lx_LC_Binary_AO_2,Multisampler 2H 2H 1H 1H 1H 1H 5Ref,D3F,*96CorningV*,1,B6,Unknown,1,FR1_1B_B_CID_15min,,,2,
FR1_1B_C_CID_15min,,,15min_BEH_TOFMSMS_75msec_5msec_t50_ZenoON_JC,,15min_BEH_100mm_Lx_LC_Binary_AO_2,Multisampler 2H 2H 1H 1H 1H 1H 5Ref,D3F,*96CorningV*,1,B7,Unknown,1,FR1_1B_C_CID_15min,,,2,
Blank_15_CID_15min,,,15min_BEH_TOFMSMS_75msec_5msec_t50_ZenoON_JC,,15min_BEH_100mm_Lx_LC_Binary_AO_2,Multisampler 2H 2H 1H 1H 1H 1H 5Ref,D3F,*96CorningV*,1,B8,Unknown,1,Blank_15_CID_15min,,,2,
FR1_1B_A_Cntrl_CID_15min,,,15min_BEH_TOFMSMS_75msec_5msec_t50_ZenoON_JC,,15min_BEH_100mm_Lx_LC_Binary_AO_2,Multisampler 2H 2H 1H 1H 1H 1H 5Ref,D3F,*96CorningV*,1,B9,Unknown,1,FR1_1B_A_Cntrl_CID_15min,,,2,
FR1_1B_B_Cntrl_CID_15min,,,15min_BEH_TOFMSMS_75msec_5msec_t50_ZenoON_JC,,15min_BEH_100mm_Lx_LC_Binary_AO_2,Multisampler 2H 2H 1H 1H 1H 1H 5Ref,D3F,*96CorningV*,1,B10,Unknown,1,FR1_1B_B_Cntrl_CID_15min,,,2,
FR1_1B_C_Cntrl_CID_15min,,,15min_BEH_TOFMSMS_75msec_5msec_t50_ZenoON_JC,,15min_BEH_100mm_Lx_LC_Binary_AO_2,Multisampler 2H 2H 1H 1H 1H 1H 5Ref,D3F,*96CorningV*,1,B11,Unknown,1,FR1_1B_C_Cntrl_CID_15min,,,2,
Blank_16_CID_15min,,,15min_BEH_TOFMSMS_75msec_5msec_t50_ZenoON_JC,,15min_BEH_100mm_Lx_LC_Binary_AO_2,Multisampler 2H 2H 1H 1H 1H 1H 5Ref,D3F,*96CorningV*,1,A12,Unknown,1,Blank_16_CID_15min,,,2,
FR1_1C_A_CID_15min,,,15min_BEH_TOFMSMS_75msec_5msec_t50_ZenoON_JC,,15min_BEH_100mm_Lx_LC_Binary_AO_2,Multisampler 2H 2H 1H 1H 1H 1H 5Ref,D3F,*96CorningV*,1,C5,Unknown,1,FR1_1C_A_CID_15min,,,2,
FR1_1C_B_CID_15min,,,15min_BEH_TOFMSMS_75msec_5msec_t50_ZenoON_JC,,15min_BEH_100mm_Lx_LC_Binary_AO_2,Multisampler 2H 2H 1H 1H 1H 1H 5Ref,D3F,*96CorningV*,1,C6,Unknown,1,FR1_1C_B_CID_15min,,,2,
FR1_1C_C_CID_15min,,,15min_BEH_TOFMSMS_75msec_5msec_t50_ZenoON_JC,,15min_BEH_100mm_Lx_LC_Binary_AO_2,Multisampler 2H 2H 1H 1H 1H 1H 5Ref,D3F,*96CorningV*,1,C7,Unknown,1,FR1_1C_C_CID_15min,,,2,
Blank_17_CID_15min,,,15min_BEH_TOFMSMS_75msec_5msec_t50_ZenoON_JC,,15min_BEH_100mm_Lx_LC_Binary_AO_2,Multisampler 2H 2H 1H 1H 1H 1H 5Ref,D3F,*96CorningV*,1,A12,Unknown,1,Blank_17_CID_15min,,,2,
FR1_1C_A_Cntrl_CID_15min,,,15min_BEH_TOFMSMS_75msec_5msec_t50_ZenoON_JC,,15min_BEH_100mm_Lx_LC_Binary_AO_2,Multisampler 2H 2H 1H 1H 1H 1H 5Ref,D3F,*96CorningV*,1,C9,Unknown,1,FR1_1C_A_Cntrl_CID_15min,,,2,
FR1_1C_B_Cntrl_CID_15min,,,15min_BEH_TOFMSMS_75msec_5msec_t50_ZenoON_JC,,15min_BEH_100mm_Lx_LC_Binary_AO_2,Multisampler 2H 2H 1H 1H 1H 1H 5Ref,D3F,*96CorningV*,1,C10,Unknown,1,FR1_1C_B_Cntrl_CID_15min,,,2,
FR1_1C_C_Cntrl_CID_15min,,,15min_BEH_TOFMSMS_75msec_5msec_t50_ZenoON_JC,,15min_BEH_100mm_Lx_LC_Binary_AO_2,Multisampler 2H 2H 1H 1H 1H 1H 5Ref,D3F,*96CorningV*,1,C11,Unknown,1,FR1_1C_C_Cntrl_CID_15min,,,2,
Blank_18_CID_15min,,,15min_BEH_TOFMSMS_75msec_5msec_t50_ZenoON_JC,,15min_BEH_100mm_Lx_LC_Binary_AO_2,Multisampler 2H 2H 1H 1H 1H 1H 5Ref,D3F,*96CorningV*,1,A12,Unknown,1,Blank_18_CID_15min,,,2,
FR1_QC_3_CID_15min,,,15min_BEH_TOFMSMS_75msec_5msec_t50_ZenoON_JC,,15min_BEH_100mm_Lx_LC_Binary_AO_2,Multisampler 2H 2H 1H 1H 1H 1H 5Ref,D3F,*96CorningV*,1,D9,Unknown,1,FR1_QC_3_CID_15min,,,2,
FR2_2A_A_CID_15min,,,15min_BEH_TOFMSMS_75msec_5msec_t50_ZenoON_JC,,15min_BEH_100mm_Lx_LC_Binary_AO_2,Multisampler 2H 2H 1H 1H 1H 1H 5Ref,D3F,*96CorningV*,1,D5,Unknown,1,FR2_2A_A_CID_15min,,,2,
FR2_2A_B_CID_15min,,,15min_BEH_TOFMSMS_75msec_5msec_t50_ZenoON_JC,,15min_BEH_100mm_Lx_LC_Binary_AO_2,Multisampler 2H 2H 1H 1H 1H 1H 5Ref,D3F,*96CorningV*,1,D6,Unknown,1,FR2_2A_B_CID_15min,,,2,
FR2_2A_C_CID_15min,,,15min_BEH_TOFMSMS_75msec_5msec_t50_ZenoON_JC,,15min_BEH_100mm_Lx_LC_Binary_AO_2,Multisampler 2H 2H 1H 1H 1H 1H 5Ref,D3F,*96CorningV*,1,D7,Unknown,1,FR2_2A_C_CID_15min,,,2,
Blank_19_CID_15min,,,15min_BEH_TOFMSMS_75msec_5msec_t50_ZenoON_JC,,15min_BEH_100mm_Lx_LC_Binary_AO_2,Multisampler 2H 2H 1H 1H 1H 1H 5Ref,D3F,*96CorningV*,1,B8,Unknown,1,Blank_19_CID_15min,,,2,
FR2_2A_A_Cntrl_CID_15min,,,15min_BEH_TOFMSMS_75msec_5msec_t50_ZenoON_JC,,15min_BEH_100mm_Lx_LC_Binary_AO_2,Multisampler 2H 2H 1H 1H 1H 1H 5Ref,D3F,*96CorningV*,1,D8,Unknown,1,FR2_2A_A_Cntrl_CID_15min,,,2,
FR2_2A_B_Cntrl_CID_15min,,,15min_BEH_TOFMSMS_75msec_5msec_t50_ZenoON_JC,,15min_BEH_100mm_Lx_LC_Binary_AO_2,Multisampler 2H 2H 1H 1H 1H 1H 5Ref,D3F,*96CorningV*,1,D10,Unknown,1,FR2_2A_B_Cntrl_CID_15min,,,2,
FR2_2A_C_Cntrl_CID_15min,,,15min_BEH_TOFMSMS_75msec_5msec_t50_ZenoON_JC,,15min_BEH_100mm_Lx_LC_Binary_AO_2,Multisampler 2H 2H 1H 1H 1H 1H 5Ref,D3F,*96CorningV*,1,D11,Unknown,1,FR2_2A_C_Cntrl_CID_15min,,,2,
Blank_20_CID_15min,,,15min_BEH_TOFMSMS_75msec_5msec_t50_ZenoON_JC,,15min_BEH_100mm_Lx_LC_Binary_AO_2,Multisampler 2H 2H 1H 1H 1H 1H 5Ref,D3F,*96CorningV*,1,B8,Unknown,1,Blank_20_CID_15min,,,2,
FR2_2B_A_CID_15min,,,15min_BEH_TOFMSMS_75msec_5msec_t50_ZenoON_JC,,15min_BEH_100mm_Lx_LC_Binary_AO_2,Multisampler 2H 2H 1H 1H 1H 1H 5Ref,D3F,*96CorningV*,1,E5,Unknown,1,FR2_2B_A_CID_15min,,,2,
FR2_2B_B_CID_15min,,,15min_BEH_TOFMSMS_75msec_5msec_t50_ZenoON_JC,,15min_BEH_100mm_Lx_LC_Binary_AO_2,Multisampler 2H 2H 1H 1H 1H 1H 5Ref,D3F,*96CorningV*,1,E6,Unknown,1,FR2_2B_B_CID_15min,,,2,
FR2_2B_C_CID_15min,,,15min_BEH_TOFMSMS_75msec_5msec_t50_ZenoON_JC,,15min_BEH_100mm_Lx_LC_Binary_AO_2,Multisampler 2H 2H 1H 1H 1H 1H 5Ref,D3F,*96CorningV*,1,E7,Unknown,1,FR2_2B_C_CID_15min,,,2,
Blank_21_CID_15min,,,15min_BEH_TOFMSMS_75msec_5msec_t50_ZenoON_JC,,15min_BEH_100mm_Lx_LC_Binary_AO_2,Multisampler 2H 2H 1H 1H 1H 1H 5Ref,D3F,*96CorningV*,1,B8,Unknown,1,Blank_21_CID_15min,,,2,
FR2_2B_A_Cntrl_CID_15min,,,15min_BEH_TOFMSMS_75msec_5msec_t50_ZenoON_JC,,15min_BEH_100mm_Lx_LC_Binary_AO_2,Multisampler 2H 2H 1H 1H 1H 1H 5Ref,D3F,*96CorningV*,1,E9,Unknown,1,FR2_2B_A_Cntrl_CID_15min,,,2,
FR2_2B_B_Cntrl_CID_15min,,,15min_BEH_TOFMSMS_75msec_5msec_t50_ZenoON_JC,,15min_BEH_100mm_Lx_LC_Binary_AO_2,Multisampler 2H 2H 1H 1H 1H 1H 5Ref,D3F,*96CorningV*,1,E10,Unknown,1,FR2_2B_B_Cntrl_CID_15min,,,2,
FR2_2B_C_Cntrl_CID_15min,,,15min_BEH_TOFMSMS_75msec_5msec_t50_ZenoON_JC,,15min_BEH_100mm_Lx_LC_Binary_AO_2,Multisampler 2H 2H 1H 1H 1H 1H 5Ref,D3F,*96CorningV*,1,E11,Unknown,1,FR2_2B_C_Cntrl_CID_15min,,,2,
Blank_22_CID_15min,,,15min_BEH_TOFMSMS_75msec_5msec_t50_ZenoON_JC,,15min_BEH_100mm_Lx_LC_Binary_AO_2,Multisampler 2H 2H 1H 1H 1H 1H 5Ref,D3F,*96CorningV*,1,B12,Unknown,1,Blank_22_CID_15min,,,2,
FR2_QC_1_CID_15min,,,15min_BEH_TOFMSMS_75msec_5msec_t50_ZenoON_JC,,15min_BEH_100mm_Lx_LC_Binary_AO_2,Multisampler 2H 2H 1H 1H 1H 1H 5Ref,D3F,*96CorningV*,1,D12,Unknown,1,FR2_QC_1_CID_15min,,,2,
FR2_2C_A_CID_15min,,,15min_BEH_TOFMSMS_75msec_5msec_t50_ZenoON_JC,,15min_BEH_100mm_Lx_LC_Binary_AO_2,Multisampler 2H 2H 1H 1H 1H 1H 5Ref,D3F,*96CorningV*,1,F5,Unknown,1,FR2_2C_A_CID_15min,,,2,
FR2_2C_B_CID_15min,,,15min_BEH_TOFMSMS_75msec_5msec_t50_ZenoON_JC,,15min_BEH_100mm_Lx_LC_Binary_AO_2,Multisampler 2H 2H 1H 1H 1H 1H 5Ref,D3F,*96CorningV*,1,F6,Unknown,1,FR2_2C_B_CID_15min,,,2,
FR2_2C_C_CID_15min,,,15min_BEH_TOFMSMS_75msec_5msec_t50_ZenoON_JC,,15min_BEH_100mm_Lx_LC_Binary_AO_2,Multisampler 2H 2H 1H 1H 1H 1H 5Ref,D3F,*96CorningV*,1,F7,Unknown,1,FR2_2C_C_CID_15min,,,2,
Blank_23_CID_15min,,,15min_BEH_TOFMSMS_75msec_5msec_t50_ZenoON_JC,,15min_BEH_100mm_Lx_LC_Binary_AO_2,Multisampler 2H 2H 1H 1H 1H 1H 5Ref,D3F,*96CorningV*,1,B12,Unknown,1,Blank_23_CID_15min,,,2,
FR2_2C_A_Cntrl_CID_15min,,,15min_BEH_TOFMSMS_75msec_5msec_t50_ZenoON_JC,,15min_BEH_100mm_Lx_LC_Binary_AO_2,Multisampler 2H 2H 1H 1H 1H 1H 5Ref,D3F,*96CorningV*,1,F9,Unknown,1,FR2_2C_A_Cntrl_CID_15min,,,2,
FR2_2C_B_Cntrl_CID_15min,,,15min_BEH_TOFMSMS_75msec_5msec_t50_ZenoON_JC,,15min_BEH_100mm_Lx_LC_Binary_AO_2,Multisampler 2H 2H 1H 1H 1H 1H 5Ref,D3F,*96CorningV*,1,F10,Unknown,1,FR2_2C_B_Cntrl_CID_15min,,,2,
FR2_2C_C_Cntrl_CID_15min,,,15min_BEH_TOFMSMS_75msec_5msec_t50_ZenoON_JC,,15min_BEH_100mm_Lx_LC_Binary_AO_2,Multisampler 2H 2H 1H 1H 1H 1H 5Ref,D3F,*96CorningV*,1,F11,Unknown,1,FR2_2C_C_Cntrl_CID_15min,,,2,
Blank_24_CID_15min,,,15min_BEH_TOFMSMS_75msec_5msec_t50_ZenoON_JC,,15min_BEH_100mm_Lx_LC_Binary_AO_2,Multisampler 2H 2H 1H 1H 1H 1H 5Ref,D3F,*96CorningV*,1,B12,Unknown,1,Blank_24_CID_15min,,,2,
FR2_QC_2_CID_15min,,,15min_BEH_TOFMSMS_75msec_5msec_t50_ZenoON_JC,,15min_BEH_100mm_Lx_LC_Binary_AO_2,Multisampler 2H 2H 1H 1H 1H 1H 5Ref,D3F,*96CorningV*,1,D12,Unknown,1,FR2_QC_2_CID_15min,,,2,
FR2_QC_3_CID_15min,,,15min_BEH_TOFMSMS_75msec_5msec_t50_ZenoON_JC,,15min_BEH_100mm_Lx_LC_Binary_AO_2,Multisampler 2H 2H 1H 1H 1H 1H 5Ref,D3F,*96CorningV*,1,E12,Unknown,1,FR2_QC_3_CID_15min,,,2,
Blank_25_CID_15min,,,15min_BEH_TOFMSMS_75msec_5msec_t50_ZenoON_JC,,15min_BEH_100mm_Lx_LC_Binary_AO_2,Multisampler 2H 2H 1H 1H 1H 1H 5Ref,D3F,*96CorningV*,1,C12,Unknown,1,Blank_25_CID_15min,,,2,
Blank_26_CID_15min,,,15min_BEH_TOFMSMS_75msec_5msec_t50_ZenoON_JC,,15min_BEH_100mm_Lx_LC_Binary_AO_2,Multisampler 2H 2H 1H 1H 1H 1H 5Ref,D3F,*96CorningV*,1,C12,Unknown,1,Blank_26_CID_15min,,,2,
Blank_27_CID_15min,,,15min_BEH_TOFMSMS_75msec_5msec_t50_ZenoON_JC,,15min_BEH_100mm_Lx_LC_Binary_AO_2,Multisampler 2H 2H 1H 1H 1H 1H 5Ref,D3F,*96CorningV*,1,C12,Unknown,1,Blank_27_CID_15min,,,2,
Clean_up,,,10min_MeOH_wash_BEH_TOFMS_75msec_JC,,10min_BEH30mm_Flush_A2B2_MeOH_Binary,Multisampler 2H 2H 1H 1H 1H 1H 5Ref,D3F,*96CorningV*,1,C12,Unknown,1,Clean_up,,,2,
